{
  "swagger": "2.0",
  "info": {
    "version": "1.0.0",
    "title": "ChocoSpot API",
    "description": "API documentation for ChocoSpot"
  },
  "host": "localhost:4000",
  "basePath": "/",
  "schemes": ["http"],
  "paths": {
    "/api/user/register": {
      "post": {
        "summary": "Register a new user",
        "parameters": [
          {
            "name": "body",
            "in": "body",
            "required": true,
            "schema": {
              "type": "object",
              "properties": {
                "name": { "type": "string" },
                "email": { "type": "string" },
                "password": { "type": "string" }
              },
              "required": ["name", "email", "password"]
            }
          }
        ],
        "responses": {
          "200": {
            "description": "User registered successfully"
          }
        }
      }
    },
    "/api/user/login": {
      "post": {
        "summary": "Login a user",
        "parameters": [
          {
            "name": "body",
            "in": "body",
            "required": true,
            "schema": {
              "type": "object",
              "properties": {
                "email": { "type": "string" },
                "password": { "type": "string" }
              },
              "required": ["email", "password"]
            }
          }
        ],
        "responses": {
          "200": {
            "description": "User logged in successfully"
          }
        }
      }
    }
  }
}
